name	id	demonstration_events_competed_in	demonstration_medals_won	country	medals_won
Pieter van den Hoogenband	/m/0pqrv			/m/0b7bvb8,/m/0b7bvb3,/m/0b7bvbm	/m/07708jt,/m/0b7bv8v,/m/079zhzb,/m/07708jk,/m/079zhz2,/m/079zhzm,/m/0b72khj
Meghan Duggan	/m/066n6p2			/m/0b665vm	/m/0b719nf
Dieter Wendisch	/m/05bzwmc				
Denis Buntić	/m/05b_55q			/m/0k8l7q2	/m/0ktl_fz
Julio César Herrera	/m/05sy412			/m/065t5yd,/m/065t797	
Toby Stevenson	/m/06c04p				/m/077059c
Maurizio Pimponi	/m/064cl3z				/m/064cl6f
Nam Jie-Youn	/m/063wr_d				/m/063wr7x
Cilene Rocha	/m/064dmy3				/m/064dmq4
Toni Hodgkinson	/m/05pb6bb				
Mike Livingston	/m/05c0m01				
Valeri Dolinin	/m/05c0w2r				
Ali Traore	/m/06_x8h1			/m/0k8lrl9	
Weronika Novakowska	/m/06445q7			/m/0b53jqb	
Albert Bach	/m/05m_4mx				
Mark Knowles	/m/06_247				
Brigitte Fetzer	/m/05f5m2q				
Els Callens	/m/067zcl				
Florence Schelling	/m/066myvy			/m/06vzdrt	
Olga Kazi	/m/05mw9nn				
Alena Khomich	/m/066mybh			/m/0b690p3	
Nadezda Alexandrova	/m/066m_n9			/m/06r9x5_	
Peter Roth	/m/05b0dhc				
Dylan   Ferguson	/m/066l_3d			/m/0b665fy	
Valentin Cretu	/m/06539zc			/m/0b51j2w	
Alexander Vladimirovich Volkov	/m/061f5w				
Jee Yong-Ju	/m/05f6gmg				
Pavlos Beligratis	/m/06452__				/m/0645324
Marko Samardžić	/m/063r05s				/m/063q_tl
Nicolae Pop	/m/05b27fq				
Arthur Shaw	/m/06gm42				
Izidor Sustersic	/m/06g7f4d			/m/0b68z5f,/m/06g7_87	
Antonio Rodríguez	/m/05b2b1m				
Jose Javier Hombrados	/m/061614			/m/0k8qmw2	/m/07qj_2f
Emanuel Horvatiček	/m/05b2wq				
Alex Kruger	/m/05mypxp				
Chung Shin-Cho	/m/05f77qv				
Manuela Moelgg	/m/05b3s7r			/m/064h8kv	
Lars Haglund	/m/05b49w5				
Lau Sui Fei	/m/05mqr09				
Marek Malik	/m/05t2t1				/m/0678ctv
Arnold Oss	/m/05p01fm				
Nikki Ziegelmeyer	/m/05c1lrq				
Marco Pinotti	/m/06llb4			/m/0k8nb_f	
Yevheniy Shestakov	/m/05p4rq0				
Simon Ammann	/m/021r4t			/m/06zc_y7,/m/06zc_yh,/m/0b3rq34,/m/06zc_yr	/m/06zc_zj,/m/06zc_zs,/m/0b3rg78,/m/0b69gn7
Félicia Ballanger	/m/0g8jr_			/m/065t5gm,/m/065vgkn	/m/083jcxc,/m/07bt_st,/m/07bt_v5
John Elliott	/m/0h2mtz				/m/07nv7qq
Zózimo	/m/0g8d5l				
Sajjad Hashemi	/m/0h3x54g			/m/0k8n2lt	
Bennie Brazell	/m/0h6zw1				
Ye Shiwen	/m/0h1g8wh			/m/0k8l3tl	/m/0kf8kh3,/m/0kcwzvt
Jens Deimel	/m/0gyxm8				
Markus Wasser	/m/0gfs84				
Karri Hietamäki	/m/0ghbmv				
Marty O'Donnell	/m/0gmpwk				
Nikolay Pankratov	/m/0ghn3y			/m/0b6pjwg	
Loukas Vyntra	/m/0g3b2m				
Marcel Schelbert	/m/0gngdx				
John McLean	/m/0h399n				/m/07npfwl
Nikoleta Kyriakopoulou	/m/0gj9n9_			/m/0k8mwlh	
Lao Yi	/m/0fq0c08			/m/0k8kzy9	
Caryn Paewai	/m/0h33lm				
Makhach Murtazaliev	/m/0ggvkh				/m/07702sg
Nadezhda Ilyina	/m/0gx0x6				
Joseph Salas	/m/0h2mcg				/m/07njlq8
William Wadsworth	/m/0gvchn				
Audrey Williamson	/m/0gmcb8				/m/07ncr5g
Barbara Krug	/m/0gwd89				
Viola Bauer	/m/0fvc10				/m/064t9t7,/m/07rpnx2,/m/064t809
James Donahue	/m/0h62pt				/m/07n9zxg
Roland Stoltz	/m/0fq_76				
Grant Smith	/m/0h6ywd				
Rasmus Quaade	/m/0gys9v3			/m/0kf7qvx	
Moise Joseph	/m/0h3m0m9			/m/0khymmf	
Hannah Every-Hall	/m/0g9z84s			/m/0k8jkmg	
Robert Baird	/m/0g3r8l				
Damian Janikowski	/m/0h6501q			/m/0kf8987	/m/0l4r53g
Myrtle Cook	/m/0gp_8_				
Kšyštof Lavrinovič	/m/0g415s			/m/04fx5lk	
Raúl Diago	/m/04cwgm3				/m/063xwml,/m/064cq2q
Jevon Tarantino	/m/043njmm			/m/04f9d62	
Siri Eftedal	/m/03nrbb9				
Marcin Dołęga	/m/04jkdts			/m/0k8pn51	
María del Pilar Pereyra	/m/04gwf32				
Todd Eldredge	/m/04vjjw				
Edward Gleason	/m/03mb3b0				
Erminia Russo	/m/03wc7sv				/m/064ctqt
Georgy Ketoyev	/m/04jh2lg				/m/07w1dll
Warren Sprout	/m/03mb2sv				
Peter Iliev	/m/03cx2fy			/m/065qr94	
Annerys Vargas	/m/03w9_s4			/m/0kcfwd1	/m/063wr74
Ingemar Stenmark	/m/03mpxf			/m/04kc5bz	/m/07tl7xn,/m/07thksd,/m/07thkt4
Karl Lindblom	/m/03h1_3d				
Asghar Ebrahimi	/m/04gvp6v				
Olivia Whitlam	/m/04gpq5x			/m/0k8mqwd	
John Landy	/m/03lx1m			/m/04dnmpk	/m/04gbst9
Božo Broketa	/m/04cqn1x				
Hermann Gehri	/m/04070xr				/m/07ty0pd
Kimmo Pallonen	/m/04185dw				
Peter Müller	/m/04ct3fn				
Simon Dahl	/m/04cwgbw				/m/064531j,/m/064cl6k
Heinrich Messner	/m/03qlw6z				/m/07t4xxf,/m/07tljct
Olaf Hense	/m/03hl7ty				
Ljubiša Spajić	/m/047d84_				
Pedro Caravana	/m/03hl96y				
William Miller	/m/03ckb1z				
Víctor Tomás	/m/04jb7jr			/m/0kf5m4z	/m/07qj_2f
Martial Mbandjock	/m/04jchhd				
Sandra Cam	/m/04gkxjn				
Harry Kurschat	/m/03hg_2s				/m/07nht4v
Cynthia Barboza	/m/041437r				
Carlos Scanavino	/m/04gqwnj				
Sándor Szalay	/m/04ctpzn				
Greg Parks	/m/04122c4				
Thomas J. Hicks	/m/03ddn8			/m/04f99ps	/m/096jkwk
Lopez Lomong	/m/04f9gz2			/m/04f9djs	
Claudine Komgang	/m/047m43s				
Apostolos Nanos	/m/03qg9g				
Ulrich Baasch	/m/03wgdhy				
Aleksandr Varlamov	/m/04jdgnq				
Ming Guixiu	/m/04jblkn				
Cynthia Potter	/m/03czrpw				
Mauritz Johansson	/m/03x__xc				
Margaret Edwards	/m/04jmwpp				/m/07nnp_3
David Barnes	/m/03qgkd				
Paul Gunia	/m/03h1by4				
Franz Pfnür	/m/0465kf4				/m/07v6_hl
Erna Steuri	/m/0466j9c				
Andrea Colombo	/m/04cyqjp				
Roy Cochran	/m/03vht7				/m/07mvkjn
Joseph Bartoch	/m/04g4qqv			/m/04g58xr	
Paula Weishoff	/m/03qhnjj				/m/064ctrp,/m/063jcpk
Sante Gaiardoni	/m/03h5x92			/m/065tc9b	/m/07n94x8,/m/07n94xk
Art Oliver	/m/047g7jc				
Ole Berntsen	/m/0414xvf				
Wang Junxia	/m/047g27				
Birgitte Sættem	/m/03nq9sl				
Kristine Lunde	/m/03whx2h			/m/0k8phvn	/m/0ksfnw5
Devon Diggle	/m/04g4qv6			/m/04g58d2	
Nathalie Gosselin	/m/03wh8cx				
Rossano Galtarossa	/m/047rlsn				
Norman Patterson	/m/03qj75v				
Heather Mandoli	/m/04g4r11			/m/04g58nm	
Olexandr Klyuchko	/m/03d53b5				
Andrea Dewar	/m/03rcjw				
David Walters	/m/04f9gt6			/m/04f9dl5	/m/04g96n5
Benjamin Remocker	/m/04g4r5k			/m/04g581v	
Drago Vuković	/m/03mdqjw			/m/0k8l7nt	/m/08pv6rj,/m/0ktl_fz
Rihei Sano	/m/04_04w6				
Alfred Kruger	/m/04f9fqk			/m/04f9f8z	
Philaylack Sackpaseuth	/m/04jm2xk				
Perikles Kakousis	/m/03cwc94				/m/07nvtg6
Erika Leal-Ramirez	/m/04gs57h				
Sun Dan	/m/04gm1gt				
Alfred Lee	/m/04fkqz				
Zdravko Radulovic	/m/03ynymb				
Eddie Pope	/m/03lx01				
Bryan Lundquist	/m/04cx6wq				
Virgil Hill	/m/03tpr2				/m/07cy97l
Andrew Tynes	/m/04cvtv5				
Alexander Khatuntsev	/m/03cpyvb			/m/065t81m	
Roberto Jalnaiz	/m/04q2lsz				
Romano Garagnani	/m/03npkj7				/m/07mmmbh
Loree Smith	/m/04jnmtd				
Wim van der Kroft	/m/03cl9_t				
Albert Kuzilov	/m/04g6d2v			/m/04g6d4q	
Émile Knepper	/m/04f03_r				
Helena Fromm	/m/04jl0nb			/m/0k8m3vj	/m/0kq6zf6
August Rodenberg	/m/03cwdvp				
Hasso von Bismarck	/m/04169r_				
Gustaf Bergman	/m/04f12s9				
Pierre Guilloux	/m/04g173_				
Olaf Winter	/m/04gm15w				
Pamela Healy	/m/04lgjtp				
Paul Söllner	/m/03d1m4q				
Nenad Vučinić	/m/04g1_ct				
Kaye Hall	/m/03wclwp				/m/07hs09z,/m/07hrb7g
Meindert Klem	/m/04grcyr			/m/0k8p8mf	
Stephen Macknowski	/m/043mm4w				
Ko van Tongeren	/m/04n29y9				
Elizabeth McIntyre	/m/03y99zx				/m/07t7gkd
Savino Guglielmetti	/m/03m5kdt				/m/07w2c64
Bian Hongmin	/m/04gqhrn				/m/063qjqn
Aleksandar Atanacković	/m/04ct1xm				
Wanda Hutson	/m/04jhzhh				
David Smith	/m/03d5vx1				
Kellie Suttle	/m/03cnh9g				
Tashi Peljor	/m/03qhb7				
Andrei Fetisov	/m/047rwmc				
Carl-Erik Asplund	/m/04q0bzw				/m/07q9d9h
Oliver Lampe	/m/04gr9xg				
Pak Chol Min	/m/04glvlt			/m/0gb5qnz	/m/04gc2gv,/m/07w3_79
Alois Hudec	/m/03ynlpz				/m/07ngt2x
Marko Asell	/m/04jc_nd				/m/09g9vx4
Lili Tampi	/m/03gxf3p				
Clayton Fredericks	/m/04gc09q			/m/0cj5sbm	/m/04gc05y
Jung Sang-Jin	/m/04cr2y_			/m/0k8nyv0	
Wanda Guenette	/m/04cs628				/m/064ctqt
Andreea Grigore	/m/04gc1z1			/m/0gb5qmn	/m/04gc1y2
Ulf Hoffmann	/m/03gttmf				
Lloyd Spooner	/m/03hn9xd				/m/07nb5l8
María Luisa Calle	/m/03m4__b			/m/0kf7mxp,/m/065t6_f,/m/0kh7cpm,/m/065t5jt	/m/07706b7
Clifford Sibusiso Mamba	/m/03d24vy				
Huang Nanyan	/m/03gw3nc				
Paul Wyatt	/m/03g_2n8				/m/07njl_7,/m/07n666l
Jamie Peterkin	/m/04cywll				
Aimé Cassayet-Armagnac	/m/03d4yt6				
Peter Narup	/m/03y9gt5				
Amado Azar	/m/03ckjkd				/m/07ygjpp
Dina Rizzo	/m/04f9g2b			/m/04f9dx9	
Regla Bell	/m/03ckblq				/m/062_lxp,/m/063hw5c,/m/063jcps
Tollef Tollefsen	/m/03cggm6				
David Veilleux	/m/0gjdy2n			/m/0k8khsp	
Nicholas Roche	/m/0gwjf7			/m/0k8n4pb	
Marianne Kriel	/m/0g2rkm				/m/08_clw5
Ivan Dvorny	/m/0g97rs				
Mircea Simon	/m/0g229d				/m/07yj9xl
Mohammad Al-Azemi	/m/0h3qxb1			/m/0kjpl1l	
Márta Rudas	/m/0gl1r4				/m/07k7v95
Alexandra Tsiavou	/m/0h3lg19			/m/0k8mxrp	/m/0kvy_gy
David Torosyan	/m/0gml92				/m/07ygnxt
Slobodan Kačar	/m/0g65gr				/m/07nwl49
John Cregan	/m/0h0plh				/m/07npfvk
Aschwin Wildeboer	/m/0g6p71				
Urban Lindgren	/m/0ghll_				
Erik Pfeifer	/m/0h7nbxj			/m/0k8m36k	
Reijo Ståhlberg	/m/0g234q				
Vladimir Novak	/m/0gfqp9				
Bruno Alves	/m/0g6402				
Valent Sinković	/m/0g5809_			/m/0k8l8hz	
Harry Mallin	/m/0h2k7r				/m/07njw32,/m/07nv7qg
Juan Luis Mora	/m/0gy8g1				
Ibrahim Al-Harbi	/m/0gtb63				
Galina Bystrova	/m/0gpzct				/m/07gq168
Jason Morris	/m/0gt_wd				/m/07ylj8s
Polen Uslupehlivan	/m/0h7q32p			/m/0k8r2cl	
Réda Benzine	/m/0h2yz5				
Lisa Vitting	/m/0h1dyr2			/m/0k8m5xm	
Evgeniya Startseva	/m/0gh8bzk			/m/0kd12s9	
William Meynard	/m/0h1df4x				
Yudel Johnson Cedeno	/m/0g18hd				/m/07b08xn
Harald Winkler	/m/0gfsj2				
Thomas Schroll	/m/0gfsnl				
Tai Tzu-ying	/m/0h1gz6w			/m/0kcgy2h	
Sebastian Schmidt	/m/0g573z6			/m/0kgmv65	
Marek Twardowski	/m/0gmjfz				
Axel Sjöblom	/m/02qm_7p				
Olga Rypakova	/m/02rln8t			/m/0k8ntvw	/m/0lb8lbx
David Grogan	/m/02rlfwv				
Gunnar Sauer	/m/02rlf4f				
Thiago Pereira	/m/026by7g			/m/0k8k67m	
Jong Yong Hyok	/m/02x0d7h				
Paolo De Ceglie	/m/026dq80				
Luis Suárez	/m/026f4lr			/m/0kfys5w	
Thomas Fogdö	/m/026f5_f				
Trevor Stewardson	/m/026fc6w				
Pat LaFontaine	/m/03cncp				
Charlie White	/m/026g32m			/m/0b3tqwb	/m/0b6c98l
Arkady Andriasyan	/m/026gq6c				
William Martin	/m/02rl97x				
Georgi Todorov	/m/02rl7z8				
James Wilson	/m/026hj7v				/m/07njw1s
Eero Berg	/m/026hvjm				/m/07nnh3d
Alexandros Terzian	/m/02rk_rv				
Orlando Bianchini	/m/026lqbp				
Karl Wallmüller	/m/02rjv_r				
Torleif Torkildsen	/m/02qtq2p				
Jan Wils	/m/02_77f				
Iolanta Ulyeva	/m/02wz4wk				
Dominik Hašek	/m/026rxp				/m/0678ctv
Haruo Urata	/m/03ct4_l				
Vladimir Koslov	/m/02wyx09				
Nicolette Teo	/m/026xpd9				
Gloria Kemasuode	/m/026yggt				
Olena Shekhovtsova	/m/026yrxx				
Paweł Stok	/m/02rgr37				
Geoffrey Stewart	/m/0270qyp			/m/04dnmz1	
Albert Weber	/m/02qyspf				
Oscar Vega	/m/02720w6				
Gunnar Tallberg	/m/02qyv23				
Emmanuel Agassi	/m/0275xwf				
Per Halle	/m/02765tx				
Bernard Carp	/m/02qz59p				
Johan Faye	/m/02qzgwc				
İsmail Ogan	/m/02887gv				/m/07kzxv6,/m/07nnp2y
Mohammed Hussain	/m/02rccwz				
Renzo De Vecchi	/m/02qzjb3				
Choi Min-Kyung	/m/0287lq3				
Sally McLellan	/m/0287hgn			/m/0k8jryx,/m/0gl6m0q	/m/04hdw0b
Howard Kingsbury	/m/03ch0vb				
Max Bröske	/m/02r06z6				
Stuart Farquhar	/m/02wwp8g			/m/0k8pb7k	
Bernd Hahn	/m/02vmxlr				
Vadim Strogalev	/m/027c5h6				
Dennis van der Geest	/m/0282gm6				/m/07708hq
Olaf Syvertsen	/m/02r1j6q				
Gillian O'Sullivan	/m/027f03y				
Viktor Olsen	/m/027gts_				
Jaakko Ojaniemi	/m/027wwt_				
Tao Bu	/m/027wnng				
Imre Zachár	/m/02r26mt				
Björn Bothén	/m/03c3xs2				
Lautaro Acosta	/m/027qh8g				
L Johnson	/m/02hh5td				
Yekaterina Volkova	/m/02z2ffd				/m/07w1dcv
Peter Wenzel	/m/02hh5kj				/m/07yj71x
V Siikaniemi	/m/02hh3ns				
Petre Rosca	/m/02hh39x				
John Muldoon	/m/02z1djp				
Kumiko Okamoto	/m/02ptcg7				
Aleksandr Abushakhmetov	/m/02hh2jl				
Eun-Young Nam	/m/02hh25q				
Michele Mian	/m/02z0hvt			/m/09k1t4_	/m/09j9cyq
Desmond Dalworth Koch	/m/02hh0sq				
Geoff Stewart	/m/02hh08z				
Tom Steels	/m/02qk513				
Rick Bockelie	/m/03ccyjf				
Maurice Peeters	/m/02qgghv			/m/065t9x8,/m/065t9qv	/m/07nx977
Mnatsakan Iskandarian	/m/02hjxf4				/m/07ylfl5
Katalin Sagi-Rozsnyoi	/m/02hjwfg				
Stéphane Michon	/m/02qg2vp				
Ki Sung-yong	/m/02zbjhq			/m/0k8nyy5	/m/0ktf0h3
Robert Rousseau	/m/02hjvvq				
Maria Consolata Collino	/m/02hgzl0				/m/07yjfng
Ebrahim Javadipour	/m/02hjt3l				
Lesley McNaught	/m/02hgyr_				
Marita Sandig	/m/02hjrql				
Christel Steffin	/m/02hjrd8				
Mitchell J. Richmond	/m/02hjq2n				
Timo Murama	/m/02qchhp				
Ling Yang	/m/02hjpzq				/m/083jddc
Reijo Leppänen	/m/02q_h5d				
Jozsef Nagy	/m/02hjnlg				
Trygve Pedersen	/m/02q_8fw				
Andrija Ankovic	/m/02hjn32				
Olga Guzenko	/m/02hjlq2				
Bogdan Kowalczyk	/m/02x8xp0				
Lawrence Ellwyne Myricks	/m/02hgylc				
Samo Gostisa	/m/02q9pff				
Jozsef Gurovics	/m/02hjlfv				
Hugh Arthur Wardell-Yerburgh	/m/02hjk6n				
Carlos Rossello	/m/02hjk24				
Aowei Xing	/m/02hjjdd				
Jiri Holik	/m/02hjj2g				
Koichi Hirakida	/m/02hjh72				
Thelma H. Kalama	/m/02hjgfd				
Jo-Sun Kim	/m/02hjfvn				
Gabriela Stacherová	/m/02q929m				
Gustaf Adolf Boltenstern, Jr.	/m/03c6315				/m/07n8kfl
John H. Hendrickson	/m/02hgtm2				
Kevin Bernard Robinzine	/m/02hjfdz				
Elke Sehmisch	/m/02hjclv				/m/0b72hzc
German Titov	/m/02q8574				/m/0684vf2
Ahmad Riaz	/m/02hgs8j				
Bertalan Papp	/m/02hjcfz				
Rolf Gerber	/m/02xck30				
Ondřej Štěpánek	/m/02q7xg_			/m/0kf7qc4	
Jozefa Ledwig	/m/02hjb28				
Terence Walsh	/m/02hj926				
Bengt Folke Bengtsson	/m/02hgs40				
Silvia Farina Elia	/m/02lf29				
Conrad Heidkamp	/m/02qkz3n				
Zakaria Chihab	/m/02hj618				
J. Garlesteano	/m/02hj4jx				
Irina Parkhomchuk	/m/02hj3cs				
Christina Seufert	/m/02hj394			/m/04dq8hr	/m/04dq0pr
Henri Rang	/m/03c59f1				/m/07ngtct
Svilen Aldinov Roussinov	/m/02hj2nb				
Roy Heiner	/m/02hj29g				/m/07zkdrp
Bassel El Gharbawy	/m/02vpqy9				
Jung Hwa Hyun	/m/02hj0hq				
Frederick Munroe Bourne	/m/02hj086				
Michael Lyle Shine	/m/02hj00x				
Sebastian Koeber	/m/02hgqf8				
Govind Billimogaputtaswamy	/m/02hhz06				
Martin Emmett Toppino	/m/02hhxxl				
J Lehnert	/m/02hhwbq				
Antonio Borges D'Almeida	/m/02hhtsg				
Věra Klimková	/m/02qmcm6				
Steve Hutchinson	/m/02z6lb7				
Audrey Garland	/m/02z6khf				
Richard Rowles	/m/02q1zgj				
Georg J. W. Nordblad	/m/02hhrx2				
Michael Hart	/m/02x41h1				
Anders Soedergren	/m/02hhpbj				
Dragoslav Sekularac	/m/02hhn86				
Katica Iles	/m/02hhn0x				
Paul Lijandier	/m/02hhmmd				
Frederick Morgan Hansen	/m/02hhl4b				
Nikolai Vekšin	/m/03c64ks				
Joe Nieuwendyk	/m/02yhnn				
Bertil Antonsson	/m/03ccbxq				/m/07n8kpm,/m/07vl4kk
Yuri Yermakov	/m/02hhjrb				
David John Were Bond	/m/02hhjb0				
Harald Eriksson	/m/02p9w6g				/m/07q946n
Bruce Frayne	/m/02p_9t3				
Ján Šlahor	/m/02q0s3k				
Olga Zhevkova	/m/02hhh4x			/m/09k1sz6	/m/0987m2q
Slawomir Kuczko	/m/02qkgpb			/m/0k8pq4r	
John McKilligan	/m/02z4yr8				
Paolo Barelli	/m/02pjs3c				
Cor Blommers	/m/02q0fqz				
Georgy Pogosov	/m/02pzcx4				
Marie Collonvillé	/m/02pkjlz				
Walter Thane Baker	/m/02hhghj				
Mi-Ja Lee	/m/02hgplg				
Xaver Hörmann	/m/03d28sn				/m/07mx9sp
Henryk Nielaba	/m/02hhgbn				
Aleš Chvalovský	/m/02z3d6m				
Harry Steele	/m/02hhg0q				
Jacqueline Margaret Pereira	/m/02hhfw8				
William Frederick Crothers	/m/02hhdjj				
Henry William Furse Hoskyns	/m/02hhdc2				/m/07k7wfp
Charlie Ogletree	/m/02hhbms			/m/04f9dzn	
Kim Hyun-Ok	/m/02z2wsh				
Robert L.Jackson Robinson	/m/02hh_rq				
Thomas C. Smith	/m/02hh_7z				
Steven Garrett Gregg	/m/02hh92z				/m/07ygzl3
Bernard Dunand	/m/02hh7vv				
German Lux	/m/02hh7pz				
Richarda Schmeisser	/m/02hgp7l				
Manfred Schmorde	/m/02hgp32				
Brendan Shanahan	/m/039wng				
Alastair Gordon	/m/02hglgb				
Henry Boerio	/m/02hgkwl				/m/07yjfnq
Pavel Svojanovsky	/m/02hgj72				
Mahmoud Hassan Ali	/m/02hghl8				
Hye Suk Hwang	/m/02hghgx				
Nenad Kljaic	/m/02hgd0v				
Bohmila Rimnacova	/m/02hgcmb				
Masahiro Tanaka	/m/02rv8wz				
Derek Allhusen	/m/02vrmmn				/m/07nd_9j
Andrea Marrazzi	/m/02hgc8g				
Jarosław Lewak	/m/02vnxnm				
Jan Palous	/m/02hg9wn				
Xuqing Liu	/m/02hg874				
Arnulf Meffle	/m/02vl228				/m/09kkt3l
Marin Gheorghe	/m/02hg5fq				
Ramona Pagel	/m/02vz5zk				
Launi Kay Meili	/m/02hg566				
Ilona Brand	/m/02vz6gc				
Pieter Johannes Alexander Salomons	/m/02hg4kd				
Anatoli Tarabrin	/m/02hg3z2				
Gilbert T. Gray	/m/02hg258				
Ulrich Viefers	/m/02hg1dj				
Paul Louis Jean Valcke	/m/02hg0s8				
Christen Albert Piek	/m/02hg0nx				
Amber Bradley	/m/02hfzd9				
Werner Lampe	/m/02hfxzr				/m/07j074r,/m/0b72j9f
Sergei Charkov	/m/02hfwvk				
Young-Nae Yoon	/m/02hfwdw				
Ginko Abukawa-Chiba	/m/02hfv05				
Roman Skorniakov	/m/02rtm60				
D. McLeod	/m/02hftt1				
Andrea Lloyd	/m/02hftn5				
Raymond George Lumpp	/m/02hfth9				
Evgenia Shishkova	/m/025xmcp				
Albert de Roocker	/m/02hfs_r				
Dmitri Drevine	/m/02hf_zs				
Frank MacKey	/m/02rsbyq				
Kevin Scott	/m/025yv0l				
Kerrith Brown	/m/02w119r				/m/07gz3js
Albert Duncanson	/m/03cyzpv				
Jan Flinik	/m/02rrsf3				
Gheorghe Constantinide	/m/02rpyqm				
Salah Qoqaiche	/m/02qshm2				
Ryoko Tani	/m/023j9v			/m/0gbv8ps,/m/0gbv8pb,/m/0gbv8pk,/m/0gbv8np	/m/04gc312,/m/07z068r,/m/07b0slc,/m/07bxd72
Harry Wade	/m/02rpsk7				
Jennifer Oeser	/m/02689sr			/m/0k8m479	
Eino Saastamoinen	/m/02qskk2				
Leonardo Costa	/m/0269_qs				
Johannes van Hoolwerff	/m/03c3h0z				
Tom Bertram	/m/09j7np				
Dhawee Umponmaha	/m/09cp5x				/m/07m47lf
Emmanuel Foulon	/m/09z7zj				/m/07ntj7t
Karine Laurent Philippot	/m/09gmqgs			/m/064j0fg,/m/0b68_dy,/m/064j0gf,/m/064j0g2	
Stefania Cicali	/m/09gbplp				
Grant McLeod	/m/09j9kg				
Tonny de Jong	/m/08z6wy				
Claudia Künzel	/m/09cmq3			/m/064t8hg,/m/064t8h6	/m/07rcykg,/m/0b7199y,/m/064t9t7,/m/064t809,/m/0b6t9yq
Nicola Sanders	/m/08y70y			/m/0k8mql1	
Mandy Smith	/m/094847				
Maxim Staviski	/m/0b1q81				
Maurice Edelston	/m/09r5tx				
Paul Ackerley	/m/093m4t				
Elise Ray	/m/09vjzb				
Nick Carter	/m/09jb_q			/m/065tbjn	
Haley Cope	/m/09rvll6			/m/04gcs69	/m/04gcs6k
Neil Walker	/m/094567				/m/0b7bv83,/m/0b7ct5w,/m/0b72kcf
Peter Konyegwachie	/m/09cpl5				/m/07m47h8
Justin Snith	/m/09gk0hd			/m/0b65s9f	
Marie-Laure Delie	/m/09gkybp			/m/0k8lxhf	
Ahmed Salah	/m/090yl6				/m/07c7wgr
Lucas Neill	/m/04vqnb				
Robert Guillard	/m/043lvsp				
Mark Pearson	/m/04g4r44			/m/04g5971	
Raluca Stramaturaro	/m/04f_zdr			/m/0b51j4b	
Tom Goegebuer	/m/04jn6vv			/m/04g6djl,/m/0k8k00q	/m/05ym1qg
James Graham	/m/03hjq5c				/m/07nb4d0
Kim Deok-Hyeon	/m/047fkys			/m/0k8nz5s	
Aage Eriksen	/m/04jq3xk				
Frank Henry	/m/043pm1s				/m/07mvktm
Erick Scott	/m/040fzw				
Aurelio Lenzi	/m/03h2msg				
Aleksandr Anichenko	/m/03hmlqy				
István Veréb	/m/04n55cv				
Otto Müller	/m/04072k8				/m/07ty0pn
Viktor Kapitonov	/m/03hpddf			/m/065tc9z,/m/065tby2	/m/07msl2f
Romeo Neri	/m/03hp3zc				/m/07w2c6j,/m/07w2c4r,/m/07ngnxs
Jacques Descatoire	/m/043qvq_			/m/04f99n8	
Robert Bordeu	/m/043mx31				
Rohanee Cox	/m/04gr_kx				
Eric Staal	/m/04lvys			/m/09kgwft	/m/0b71nvd
Vladimir Kuznetsov	/m/04_0mv_				
Henry Marsh	/m/03gzz_z				
Fedon Mattheou	/m/04jcfht				
Walter Schuur	/m/04mxhlm				
Emílio Peixe	/m/03x_n9m				
Admir Mehmedi	/m/04f44hl			/m/0k8qw3s	
Emir Šarganović	/m/04gv081				
Sarah Josephson	/m/03m9_0t				
Ron Backes	/m/04cy2ht				
Valdemar Holberg	/m/04n1yx0				
Gill Henselwood	/m/04g4qy9			/m/04g58m2	/m/04h0_p_
Vladimir Fyodorov	/m/04f4w7y				
Malindi Elmore	/m/04g5f_t				/m/05ym1hb
Kim Young-Ho	/m/04ljygl				/m/079yvbm
Alberto Reynoso	/m/04gqp0s				
Robin Brew	/m/04mzsk9				
Irina Sokolovskaya	/m/04jcv9x				
Reginald Schroeter	/m/0414kkn				
Li Zhenzhu	/m/04gjjnf			/m/0k8k_fg	
Sabine Eichenberger	/m/04gqmc4				
Nathan Twaddle	/m/04jjnz_				
Eirini Kavarnou	/m/04gk252				
Daniele Masala	/m/0413kcw				/m/07j4sn4
Juan Giha	/m/03npb1f				/m/07zj787
John Kamyuka	/m/04jff0p				
Steven Wood	/m/04_03s4				
Sergei Grinkov	/m/04vjbc				
Richard Alexander	/m/04grzj0				
Mak So Ning	/m/04lhcpm				
Christine Robinson	/m/03rcmz				
Lisa Ryshich	/m/03mdfwd			/m/0k8m5wx	
Leandro Faggin	/m/047dhrb			/m/065tbx6	/m/07nhtd_
Therese Bengtsson	/m/04gd92s			/m/04gd952	/m/07yflqg
Chun In-Soo	/m/04123y4				
Marlenis Costa	/m/04ldqk2				/m/062_lxp
Jacques Riparelli	/m/04jc24g			/m/0k8n9wd	
Olivier Bausset	/m/04jfjmn				
Laura Asadauskaitė	/m/04jbcp7			/m/0kc2q6t	/m/0ksjh5q
Wolf-Rüdiger Netz	/m/03h1nxq				
Mario Fuchs	/m/03nq70l			/m/0b432pd,/m/06689h9	
Andrei Aramnau	/m/04jfnlw			/m/04g6d4b	/m/07w4b32
Sata Isobe	/m/04lhmkv				
William Grosvenor	/m/03nsb0z				
Robert Pache	/m/03nsbqm				
Willy van den Berghen	/m/04dztv3			/m/065tcbz	/m/07tzfy8
Lisa Schoeneberg	/m/03y9hnf				
Caroline Lind	/m/04jbk15			/m/0k8rfrl	/m/0kjxc36
Nils Olav Fjeldheim	/m/03yltv				
Irina Litvinenko	/m/04jj0pm			/m/0k8ntfl	
Daniel Keatings	/m/04dzbcf				
Conrado Cabrera	/m/04gp9qx			/m/065x604	
Buyanjavyn Batzorig	/m/04n24s0				
Ruslan Abbasov	/m/04jmczc				
John Baldwin	/m/03gt_q5				/m/07hr9mv
Jaroslav Řezáč	/m/04cy8gr				
Haley Ishimatsu	/m/04grx4_				
Takahiro Fujimoto	/m/04lj5yj				
Arsen Kasabiev	/m/04jcf_z			/m/0k8pk7h	
Alejandro Gómez	/m/04g2vy4				
Dawn Burrell	/m/03mdv86				
Au Hoishun Stephanie	/m/04jkzx9			/m/0kcfgqr	
Alison Bradley	/m/03qhfv			/m/04g57yx	
Caren Kemner	/m/03qhnmm				/m/063jcpk,/m/064ctrp
Taylor Milne	/m/04g4r2r				
Wang Zheng	/m/04glk5p				
Jake Tapp	/m/04g4r8n				
Sharleen Stratton	/m/04gp117			/m/0kd9np1	
Karen LaFace	/m/04gln24				
Wilson Boit Kipketer	/m/03j10g				/m/07fwvht
Pascale Trinquet	/m/047lr19				/m/07nwl0j
Mohammad Mansha	/m/04cwyd6				
Yang Chin-Yi	/m/04gntk_				
William Harris	/m/03gtp0m				/m/07nb5md
Godtfred Olsen	/m/04mys0d			/m/065t9b5	/m/0gz6p6_
Portia McGee	/m/04f9ggb			/m/04f9f9t	
Dana Pounds	/m/04f9h3p			/m/04f9dmd	
Kazuki Yazawa	/m/04ghj2w			/m/0kf824l	
Christine Stückelberger	/m/04n5s8m				/m/07yjd0w,/m/07c7w9j
Andrew Murray	/m/03wc52			/m/0k8mcmx	/m/0khcwr7,/m/0kjjx9m
Tarik Bouguetaïb	/m/04jh_kw				
Tatyana Azarova	/m/04gsj11			/m/0kjvlhh	
Ghasem Rezaei	/m/04jh1_k			/m/0kf7_9w	/m/0lb5pbh
Tom Slingsby	/m/04gsq5r			/m/0k8jt4v	/m/0lbft68
Elena Tchalykh	/m/03m50bb			/m/065t7pg,/m/0kgk8m6	
Jan Nevens	/m/04gr8bq			/m/065x2s7	
Joel Milburn	/m/04jhxhx			/m/0k8jm4m	
Alejandro Bermúdez	/m/04g1b2z				
Otto Hooff	/m/04n4407				
Edwin Wedge	/m/04g1ft8				
Jane Crabtree	/m/03qsr_				
Brittney Reese	/m/04ljnvq			/m/0k8rd_d	/m/0lb1fph
Joseph Cogels	/m/03y00jp				
Daouda Sow	/m/04gnjt5				/m/094tv9r
Gela Saghirashvili	/m/04n444q				
Lauren Burns	/m/04062x3			/m/04dnk3p	/m/07bw37b
Percy Beard	/m/044rj1				/m/07v_t2y
Berit Puggaard	/m/04g2l5z				
Hans Geister	/m/0ksjnq				
Howard Davis	/m/0krtx7				
Robert Kajuga	/m/0kkym6f			/m/0kkyrp6	
Serge Branco	/m/0krrz_				
Chen Ding	/m/0kmwpgy				/m/0l3l79v
Lars Jørgen Madsen	/m/0krvsl			/m/04fb37v	/m/07nnmqr,/m/07ntjfl,/m/07nx967
Todd Bennett	/m/0krwqw				
Donald Laz	/m/0ktcc1				/m/07v5dwd
Dave Ottley	/m/0kt2zj				/m/07gz3c_
Víctor Muñoz	/m/0ks75q				
Emad Noor	/m/0kkzlwj			/m/0kkzpr6	
Janet Evans	/m/0swn5			/m/05q5qz_	/m/05q5pc7,/m/090fm9w,/m/07yljgy,/m/07yljj9,/m/07w6ssm
Catriona LeMay Doan	/m/0q07_				/m/07tm_dv,/m/07sgk09,/m/07sgj_r
Markus Oscarsson	/m/06m5jx			/m/04gd7_h,/m/0kf8k9w	
Deron Williams	/m/06p0q8			/m/04f9dsr,/m/0k8rhzl	/m/0krvwc7
Logan Campbell	/m/06w8wnh			/m/0k8p9p6	
Ioannis Chrysafis	/m/06q20s				
Milkha Singh	/m/07gdv2				
Jonas Thern	/m/072khm				
Maria Kirilenko	/m/06r28j			/m/0k8q1s3	/m/0khm_ln
Andrew Mcnee	/m/06nng6r			/m/06nnhwq	
Guy Barnea	/m/06zs0_r				
Alfred Flatow	/m/06p9k8				/m/07w160n,/m/07w15_f
Reginald Doherty	/m/06pjz_				/m/07ntj79
Anton Geesink	/m/0q56c				/m/07kzxrc
Alexander Vladimirovich Popov	/m/0kt4tx				/m/082j8_7,/m/07ylfb6,/m/07ylf92,/m/082j8y7
Willie Steele	/m/0kt4wv				/m/07mvzv5
Giovanna Trillini	/m/0ks1cj			/m/0gl6l6j,/m/0gl6l62,/m/0gl6l69,/m/0gl6l5f,/m/0gl6l5w	/m/07z0jy0,/m/04h65dj,/m/07b08kq,/m/07_447h,/m/07bvh1b
Marina Kiehl	/m/0ksbr6				/m/07th7pp
Tommaso Rocchi	/m/0ksg9n				
Maurice Herriott	/m/0ktdfl				/m/07k7w5m
Antonius Bouwens	/m/0krvtb				
Silvia Poll Ahrens	/m/0ksjww				/m/07c7wgh
Luis Borroto	/m/0ks7b_				
Daichi Suzuki	/m/0ksrl4				/m/079rjr_
Sumika Minamoto	/m/0ks_xg				
Ronald Worm	/m/0ks05v				
Hannu Siitonen	/m/0krvpz				/m/07yjfk4
Garrett Serviss	/m/0ksszq				/m/07nnfpq
Kenneth Bernard	/m/0ks4rt				
Michael Petkovic	/m/0ksxh4				
Suzanne Fairhurst	/m/0kszwz			/m/04dnmhk	
Kenneth Wiesner	/m/0ktcdy				/m/07v5qdj
Sabrina Jaquet	/m/0k0ds2r			/m/0k8qz2j	
Jorge Hugo Giraldo Lopez	/m/0kgyw8c			/m/0kgz0h9	
Esquiva Florentino	/m/0jt00nq			/m/0k8k2dh	/m/0lb1m8l
Juliane Robra	/m/0k8qx_7			/m/0k8qx_h	
Zamzam Mohamed Farah	/m/0kg3d36			/m/0kl0gr7	
Ann Berglund	/m/0kf8jyd			/m/0kf8jyw	
Esteban Bustos Rodriguez	/m/0kcgq3n			/m/0kcgq40	
Jan Ebeling	/m/0k8rcvj			/m/0kfy31k	
Ekaterina Ulanova	/m/0kd12sw				
Natalya Asanova	/m/0k8s14v			/m/0k8s153	
Paul Tellgren	/m/0kf8plj				
Dmitriy Kim	/m/0k8s0nd			/m/0k8s0nn	
Ana Đokić	/m/0hr67qy			/m/0kd4wkw	/m/0l0jlnl
Mihajlo Mitić	/m/0k8q9jj			/m/0k8q9j_	
Yuko Shintake	/m/0kh9r73			/m/0kh9tc3	
Jiri Friedl	/m/0kf7pf5				
Ventsislav Ragin	/m/0kcgjvw				
Anthony Lopez Lucena	/m/0kfyv2t				
Jian Beng Foo	/m/0kc2v6l				
Giorgio de Togni	/m/0kc1zm5				
Ruslan Nurudinov	/m/0k8s1h5			/m/0k8s1hk	
Ian Warner	/m/0k2m1wn			/m/0kjmj68	
Ricardo Garcia	/m/0kdb5pz			/m/0kdb5q7	
Carla Souza	/m/0kdb53f				
Priscila Heldes	/m/0kdb4fw				
Niall Talbot	/m/0kc1qp7				
Azneem Ahmed	/m/0kjwyn4			/m/0kjwzwq	
Evgenia Estes	/m/0kd1304			/m/0kd130k	
Jesper Sigfrid Martendal	/m/0kdb25f				
Yuri Mansur Guerios	/m/0kdb1zk				
Scott Weltz	/m/0k28826			/m/0kfyhyt	
Daria Pogorzelec	/m/0k8pkhm			/m/0k8pkhx	
Judith Vandermeiren	/m/0kd9zxs			/m/0kg9jn4	
Md Emdadul Haque Milon	/m/0kd9x42			/m/0kd9x4s	
Florian Raudaschl	/m/0kd9vvl			/m/0kd9vw4	
Karen Antonini	/m/0kd9llm				
Takehiro Kanakubo	/m/0kf81gk				
Kaori Fujio	/m/0k8nn_y			/m/0kc22h0	
Daniel Ignacio Rodriguez	/m/0kd9jlx				
Peter Li	/m/0kfyl7k				
Mahmoud Said	/m/0kcg0h5				
Federico Valdez Diez	/m/0kd9gzp				
Tonko Barac	/m/0kch335				
Szabolcs Nemeth	/m/0kf7zkt				
Tanoh Benie	/m/0kgh7sn			/m/0kgh7sm	
Silvan Widmer	/m/0j9p83w			/m/0kf68cv	
Patricia Casellas Santana	/m/0kfyjq1				
Alen Banovac	/m/0kch2sz				
Kari Traa	/m/0jf05				/m/07tllw_,/m/07sgjs2,/m/07rpp91
Justin Stangel	/m/0k8rpfy			/m/0k8rpg5	
Antonio Guzman del Castillo	/m/0kf5pk9				
Cyrille Maret	/m/0kcg4wp				
Kateřina Bartoňová	/m/0kg2whs			/m/0kggpv_	
Sophie Williams	/m/0k8mtht			/m/0k8mtj3	
Hitomi Ohara	/m/0k8nkvk			/m/0k8nkwb	
Jacob Dalton	/m/0k8rm9z			/m/0kfy54l	
Katie Clark	/m/0k8mm6p			/m/0k8mm6y	
Ivo van der Putten	/m/0kf86bb				
Ruben Sanca	/m/0khn42n			/m/0khn42g	
Iain Mackay	/m/0k8mjc5			/m/0kcf2lh	
Jessica Mager	/m/0k8m4bl			/m/0k8m4bv	
Annika Bruhn	/m/0k8m0cc			/m/0k8m0cn	
Alexandre Iddir	/m/0kcg4qt				
Audrey Koumba	/m/0kcg86g			/m/0kcg86z	
Aurélien Khan	/m/0k8ls55			/m/0k8ls5d	
Brenda Castillo	/m/0k8llt_			/m/0k8llv7	
Ju Lin	/m/0k8ll_m			/m/0kcfw47	
Lara Cacabelos Afonso	/m/0kf5r07				
Vlad Cotuna	/m/0k8pvpw			/m/0k8pvq3	
Daniel Skaaning	/m/0k8lhqw			/m/0k8lhr3	
Helene Defrance	/m/0kcg69p				
Houda Miled	/m/0kf6fyc			/m/0kf6fys	
Kelleigh Ryan	/m/0k8kmvk			/m/0k8kmwc	
Anna Rybicka	/m/0j3fq_7				
Erin Campbell	/m/0kfyjlq				
Jenna Caira	/m/0k8klrd			/m/0k8klrn	
Frederique Lambert	/m/0k8kk6d			/m/0k8kk6n	
Alex Edmondson	/m/0k8jfd7				
Aaron Bynes	/m/0k8jf6t			/m/0k8jf71	
Ernesto Pizarro	/m/0k8jc78			/m/0kf778k	
Inna Klymenko	/m/0kf6s97				
Yeum Hye Seon	/m/0kd1p1_				
Aleksandar Grigorov	/m/0kf7gdw				
Peter Graves	/m/0k8rklc			/m/0k8rklq	
Michael Weiss	/m/0kfyhxt				
Diogo Ganchinho	/m/0kd5d4r			/m/0kd5d52	
Kokole Paneng	/m/0kc2nk8				
Joung da-Woon	/m/0kd1lfp			/m/0kd1lg0	
Rahman Raoufi	/m/0kcfqrf				
Hans-Gunnar Grepperud Eikeland	/m/0kd569y				
Karlo Hmeljak	/m/0kd1clp			/m/0kd1cm2	
Jalal Benalla	/m/0kd4xlz				
Elena Savelyeva	/m/0k8p_8t			/m/0k8p_92	
Nithin Thimmaiah	/m/0kcfp3h				
Alex Lendrum	/m/0kfydr3				
Clive Terwin	/m/0kd1fdt				
Steve Grotowski	/m/0k8mtnp			/m/0k8mtny	
Lu Xiuzhi	/m/0kmgs_t			/m/0knyxw4	
Siril Helljesen	/m/0k8pjjb			/m/0kd55wf	
Diego Pina Esteve	/m/0kf8hvq				
Sara Cholnoky	/m/0kcfk19				
John Biller	/m/0krtmt				/m/07nnfxz
Reka Kare	/m/0kcfjwz				
Inge de Bruijn	/m/0h7q0			/m/0b7bvc3	/m/079zhzw,/m/079zh_c,/m/0b7bx99,/m/079zh_3,/m/04g93ly,/m/07708k2,/m/07708kb,/m/07708km
Flora Gondos	/m/0kcfh7s			/m/0kcfh83	
Julia Popova	/m/0kd0_d4				
Wael Jallouz	/m/0kf6f46			/m/0kf6f4s	
Hong Eun-Seong	/m/0jwxydc			/m/0kd1j2c	
Kateřina Kudějová	/m/0h98klz				
Julia Biryukova	/m/0kd0ylt				
Dmytro Kirpulyanskyy	/m/0k8r4qn			/m/0k8r4r2	
Jimmy Bojesen	/m/0kf7qy2				
Jeon Yong-Eun	/m/0k8nybh			/m/0k8nybq	
Jaleleddine Touati	/m/0kf6fjm			/m/0kf6fk1	
Zurabi Datunashvili	/m/0kf7tn8			/m/0kf7tnn	
Andreas Ostholt	/m/0kcgbb7				
George Parker	/m/0krv16			/m/04dx37s	/m/08mk9q_
Caroline Ouellette	/m/0bf2k9			/m/09kgxdm	/m/0b719n6,/m/06bzd3v,/m/06bzkt3
Simas Jasaitis	/m/0b0n26			/m/0kgkctz	
Lisa Mason	/m/0b4n5b				
Gerda Krūmiņa	/m/0b50yzy			/m/0b50y_9	
Oscar Ortiz	/m/0b76dy				
Daniel Rickardsson	/m/09gd0z1				/m/0b6yj2r
Peter Norman	/m/09fq0v			/m/04dnlw2	/m/07mmm4v
Duncan Keith	/m/09syc5			/m/09kgw5t	/m/0b71nvd
Morgan De Sanctis	/m/09s_zx				
Todd Sand	/m/09lzjr				
Lynn Cameron	/m/0bd7rl			/m/064h1hh,/m/064h14p	
Erben Wennemars	/m/098ffr				/m/07tn7ff
Eric Dubus	/m/09l2ks				
Drew Neilson	/m/09k4h75			/m/0668z8j,/m/0b65sks	
Andrei Suraikin	/m/09b23b				
Sergey Volkov	/m/0b6pk5l			/m/0b6pk5s	
Steve Danielson	/m/09bh5g				
Daniel Sproule	/m/0bfcwb			/m/04dnmyp	
Jan Hempel	/m/09064k			/m/04dq7g7,/m/04dq7gf	/m/04dq10c,/m/04dq0x9
Simi Hamilton	/m/0b666hl			/m/0b666ht	
Jim Irvine	/m/0bgpb4			/m/04dnlhv	
Faith Leech	/m/09r4pm			/m/04dnkg8	/m/07nhv4j
Hans-Peter Ferner	/m/09m5_v				
Nenad Vukanić	/m/091s2v				
Chris le Bihan	/m/09glt67			/m/0b65rsv	/m/0b71pd7
Moe Meguro	/m/0bg6_d				
Craig Branch	/m/0b3whfw			/m/0b3whg6	
Steven van Randwijck	/m/095nkl				
Marieta Ilcu	/m/0bdx51				
Kumar-Dhakal Shyam	/m/0b51fw9			/m/0b51fww	
Wayne Fernandes	/m/08zb8c			/m/04g5b27	
Sergey Klyugin	/m/09jc1w				/m/079rqr6
José Padilla, Jr	/m/09ry9s				
Ionuţ Andrei	/m/0b51hrn			/m/0b51hs7	
Alan Chesney	/m/09443h				
Ibrahima Baldé	/m/09v484d			/m/0kd14hv	
Wieger Mensonides	/m/090jhx				/m/07tzg08
Aleksandar Ćirić	/m/091ycq				
Rich Kenah	/m/0b_s14				
Sarah English	/m/091jmq				
André Waterkeyn	/m/0938j1				
Tiffany Scott	/m/0bf64f				
David Leoni	/m/0bf0p_				
Tim Montgomery	/m/0lv1d				
Jozsef Gyuricza	/m/02hj93q				
Emil Voigt	/m/03hjh2l				/m/07npjvs,/m/07npjfh,/m/07npjh6
Ren Araou	/m/02hgq78				
Tanja Roswitha Dickenscheid	/m/02hhbyj				
Peggy Schwarz	/m/02820_k				
Rudolf Lippert	/m/03c59sd				
Alfred Harold Douglas Rogers	/m/02hgcxx				
Maurice A. Gateley	/m/02hj9g0				
Richard Neil McClure	/m/02hj9wb				
Elie Blanchard	/m/02hhtyb				
Terry Bartlett	/m/027jbgc				
Matt Wells	/m/03cjnkx				
Marek Dopierała	/m/02779dh				
Liping Wang	/m/02hgdj0				
Jarome Iginla	/m/028t11			/m/09kgwcq	/m/0b71nvd
Clifton Wrottesley	/m/03cjtjv				
Karen Marsden	/m/038f6d			/m/04dnkh0	
Philippe Bonin	/m/02hgprb				
Jin-Suk Lim	/m/02hgdnj				
George Rhoden	/m/03dpmx				/m/07vyvgw
Du Li	/m/02z3v0h			/m/0k8ky73,/m/0gbv93b,/m/0gbv92x	/m/04gc4mw,/m/0799znr
Estela Rodriguez Villanueva	/m/02hjzgd				
Jay James O'Brien	/m/02hhtjl				
Russell Simon Garcia	/m/02hj_f4				
Irina Gerasimenok	/m/02hgf0j				/m/082j8tm
Sergei Jasjin	/m/02hgfbg				
Francisco Caballer Soteras	/m/02hgpb0				
Harry Scott Freeman	/m/02hjtbj				
Svend Engedal	/m/03cktn3				
James Flanigan	/m/02hgg4q				
E. Georg Johnsson	/m/02hjsw4				
Park Jae-Myong	/m/02vqrzz				
Viktor Shuvalov	/m/02hggb4				
Jeong-Myung Lee	/m/02ptc9s				
Jean-Pierre Giudicelli	/m/02hggxb				
Warren A. Sprout	/m/02hgh8x				
Peter Smrek	/m/02rrjf6			/m/06sjnwg	
Paul Nedelcovici	/m/02hjsq8				
Jan Thomee	/m/02hjslx				
Ignacio Rambla	/m/02hjr3v				
J.W. Dowling	/m/02hjb3s				
Hamilton Jukes	/m/03cbjn0				
Jiri Svoboda	/m/02hghms				
Ahmed Fathi	/m/027v2hj			/m/0k8lmn0	
Jan Henne	/m/03d53fw				/m/07hs0c3,/m/07hs08r,/m/07hrb4r
Jaap Derk Buma	/m/02hjpqv				
Frederic Kowal	/m/02hjnrb				
Mitica Pricop	/m/02hjm3d				
Saint John Frederick Hughes	/m/02hhtc4				
Sofija Pekic	/m/02hgl8b				
Jose Antonio Estrada	/m/02hjllq				
Franz Siegl	/m/02z64l4				
Charles Paumier du Vergier	/m/02hjl7v				/m/07ntjbm
Alexander T. Turnbull	/m/02hjkqd				
Bertha Zahourek	/m/02hglrx				
Nikolai Kozlov	/m/02hjbg2				
Violetta Quesada Diaz	/m/02hjhgl				
Carmelo Robledo	/m/03ckjwd				/m/07ygjn4
Poul Pedersen	/m/02qlfdz				
Eric Poujade	/m/02hhccd				/m/07bt_xk
Dmitri Kharin	/m/02hht5q				
Eric Walter Powell	/m/02hjgwv				
Maurice Piot	/m/02hgm0q				
Donald Haldeman	/m/03hlnw4				/m/07ygzd6
Heiko Habermann	/m/02hjgqz				
Natalya Bestemyanova	/m/02hgn4x				
Richard Anthony Rydze	/m/02hjc7z			/m/04dq8nb	/m/04dq0ds
Pascal Mahe	/m/02hj3k0				
Amit Singh Bakshi	/m/02hgmbn				
Antonina Zelikovitch	/m/02hjbwd				
Gerry Theberge	/m/02hhd14				
Dick McGlynn	/m/03c_fvj				
Olena Cherevatova	/m/02qg5wm				
Zeljko Rebraca	/m/02hhscg				
Kurt Weiss	/m/02hhqh2				
Yuri Tsapenko	/m/02hhqb6				/m/07gq1g3
Hans-Georg Jaunich	/m/02x069p				
Yelena Belova	/m/02hhq4s				/m/07tf_ym
Warren Wood	/m/03cnd4j				
Hristo Tsvetanov	/m/02vrxz7				/m/063qjnr
Christine Boe Jensen	/m/02hhysx				
Mladen Koscak	/m/02hhfxs				
Tatyana Gudkova	/m/02z88vk				
Ivan Joseph Martin Osiier	/m/02hh56n				
L Moreaux	/m/02hhg50				
Masaru Ogawa	/m/02z6bw_				
Igor Hinic	/m/02hhhh6			/m/0kch3pg	
Hugo Strauss	/m/02hh3tn				
Gennadi Avramenko	/m/02hh6k6				/m/07cn477
Manfred Wolke	/m/03gv03y				/m/07mhmk7
H. J. L. Mangelaar Meertens	/m/02hhhn2				
Juan José Ubaldo	/m/02plzts				
Michael Rich	/m/02rsv40			/m/065x6j7,/m/065t8m7	
Nobuyuki Kajitani	/m/02hhp0l				/m/07j4ss2
Gustav Lindblom	/m/02hhnnl				
George Ritchie Hodgson	/m/02hhj02				
Jesús Olmos	/m/02rg3f0				
Toshio Iriye	/m/02hh2pg				
Olle Ohlson	/m/03c20x3				
Qu Feifei	/m/02z8l2m				
Patrick Crogan	/m/02hhn_v				
Fernando Pinto Coelho Bello	/m/02hhn9q				
Yun-Mi Kang	/m/02hhj4l				
Lee Chung Hee	/m/027t5qj				
Lars-Erik Skiold	/m/02hhk8s				/m/07nwqf_
Earl Holmes Bell	/m/02hhmxz				
Walter Spence	/m/03g_661				
Eric Powell	/m/02r2s2k				
Hans Struksnæs	/m/03cczwf				
Patricia Ann Roberts	/m/02hh6q2				
Lianne Nelson	/m/02hhy_g				
Darryn Hill	/m/02hh216			/m/065t5yn	
Oxana Jatskaja	/m/02pzrq1				
Jane Louise Barkman	/m/02hj4ps				
Joseph F. Dempsey	/m/02hj0j2				
Alois Kaňkovský	/m/03gt556				
Marcia Regina Cunha	/m/02hh0yl				/m/064dmq4
Donatas Škarnulis	/m/02z4gvy				
George Falcke	/m/02qt54j				
Zlatan Arnautović	/m/02x01pv				/m/09kkt2h
Albert Valtin	/m/02hh3zj				
Tero Lehterae	/m/02hh3j8				
Emile Cornellie	/m/02q_84y				
Bill Hougland	/m/02rv946				
Isabelle White	/m/02rn64s			/m/04dq8b9	/m/07nnm26
Kao Chih-kang	/m/027_3qg				
Jiří Mužík	/m/02vzbsy				
Alvin Loftes	/m/02qr3hx			/m/065t995	/m/0gz6p17
Juan Morales Hachavarria	/m/02hj2yx				
Zheng Meizhu	/m/02x0fp6				/m/063jyk_
Viktor Bashenov	/m/02hj62s				
Giovanni Cornacchia	/m/02rwlsk				
Liz McColgan	/m/02htjl				/m/07wrpvw
A.H. Venn	/m/02hhwhl				
Dmitri Dovgalyonok	/m/02hgz74				
Ville Nousiainen	/m/02pswy9			/m/064gqbn,/m/0b65t6b	
Andrea Lucchetta	/m/02qz3hy				
Leopold Tajner	/m/02q79pt				
Valeri Volkov	/m/02hh87l				
Kara Goucher	/m/0287h72			/m/0k8rpkc,/m/04f9f59	/m/05ym2pb,/m/05ym2pm
Cinzia Ragusa	/m/02z0hmy				
Devin Vargas	/m/0278x_j				
Masaharu Taguchi	/m/03c655c				
Robert Hennet	/m/02hhw0s				
Hermine Stindt	/m/02q_45p				
Paul Rudolf	/m/03cgjxr				
Henrik Jacobsgaard	/m/02z0kp9				
LaTasha Colander	/m/03_s83				
Laurie Pace	/m/03cbvdn				
Johnny Piechnik	/m/02z0kts				
Biserka Višnjić	/m/02y_m_x				/m/09kksw5
Luan Jujie	/m/02pvclh			/m/04g58yd	/m/07gz3rf
Emil Mundt	/m/02r7f6p				
Adolf Bergman	/m/02qtxl1				
Daniel Kass	/m/02hgywy				
Natalya Mitryuk	/m/02hgxb_				
Suzanne Gavine-Hlady	/m/03cgrj1				
Wang Zhizhi	/m/02gj15			/m/0kglpwr	
Adrien Rommel	/m/02hgw38				
Fredrik Meyer	/m/03cczj2				
Silvia Chivas Baro	/m/02hh8lg				
José Ernesto Sosa	/m/0273lq9				
Emilio Sanchez	/m/02hh9f8				
Hermann Martens	/m/02qkrfw			/m/0651h1h	/m/096gbg1
Maciej Kreczmer	/m/02pz9_8			/m/0654q8p,/m/0b53jwd	
Carin Nilsson	/m/02q09k6				
Ching Li	/m/02hj6f2				
Edson Bispo dos Santos	/m/02hh9l4				
Francisco Pagazaurtunduo	/m/02hhvxv				
Doina Lilian Balan-Snep	/m/02hh9r0				
Ole Andreas Saether	/m/02hh_xl				
Choi Yong-Jik	/m/02qc04x				
Sándor Tarics	/m/02rl7dd				
Walter Kusch	/m/02hh42g				/m/0b7b7d0
Joanna Wisniewska	/m/02wxn_5				
Urbano Ortega	/m/0280f1y				
Alexandra Zabelina	/m/03ct_0c				
András Székely	/m/03g_jnx				
Shu Chi Yuan	/m/02hgt86				
Irving Small	/m/03cbfdk				
Rodney Soher	/m/02q8krm				
Karl-Heinz Menz	/m/02hf_v8				
Mike Peca	/m/02hgt0x				
Anne Kindig Kursinski	/m/02hfsz_				
